{
    "dlugosc": {
        "kilometr": 0.001,
        "mila": 0.000621371192,
        "metr": 1,
        "decymetr":10,
        "centymetr": 100,
        "milimetr": 1000,
        "mikrometr": 1000000,
        "nanometr": 1000000000,
        "angstrem": 10000000000,
        "cal": 39.37007874,
        "stopa": 3.280839895,
        "łokiec": 1.730103806228374,
        "sążeń": 0.5767012687427913333333,
        "jard": 1.0936132983,
        "kabel": 0.00539956803455723542116630669546,
        "mila morska": 0.000539956803,
        "jednostka atronomiczna": 6.684587122e-12,
        "rok świetlny": 1.057000834e-16
    },
    "masa": {
        "tona": 0.000001,
        "kwintal": 0.00001,
        "kilogram": 0.001,
        "dekagram": 0.1,
        "gram": 1,
        "miligram": 1000,
        "dalton": 6.022173643e+23,
        "funt": 0.00220462,
        "uncja": 0.0352739619,
        "gran": 15.43235835294143
    },
    "czas": {
        "tysiąclecie": 3.168808781e-11,
        "wiek": 3.168808781e-10,
        "dekada": 3.168808781e-9,
        "rok": 3.168808781e-8,
        "kwartał": 1.268391679333333e-7,
        "miesiąc": 3.805175038e-7,
        "tydzień": 0.0000016534,
        "dzień": 0.0000115741,
        "godzina": 0.0002777778,
        "minuta": 0.0166666667,
        "sekunda": 1,
        "milisekunda": 1000,
        "nanosekunda": 1000000000,
        "zdrowaśka": 0.05
    },
    "pole powierzchni": {
        "milimetr^2": 1,
        "centymetr^2": 1,
        "decymetr^2": 1,
        "metr^2": 1,
        "dekametr^2": 1,
        "hektometr^2": 1,
        "kilometr^2": 1,
        "ar": 1,
        "akr": 1,
        "hektar": 1,
        "watykan": 1,
        "dziesięcina": 1,
        "łan": 1,
        "morg": 1,
        "staja": 1
    },
    "objętość": {
        "kilometr^3": 1,
        "metr^3": 1,
        "centymetr^3": 1,
        "litr": 1,
        "mililitr": 1,
        "kubik": 1,
        "baryłka ropy": 1,
        "buszel": 1,
        "galon": 1,
        "szklanka": 1,
        "szefel": 1,
        "garniec": 1,
        "kwarta": 1
    },
    "temperatura": {
        "stopien celcjusza": 1,
        "stopien fahrenheita": 33.8,
        "kelwin": 274.15,
        "stopien newtona": 0.33,
        "stopien rankinea": 493.47,
        "stopien romera": 8.025,
        "temperatura plancka": 1.9350162057166e-30
    },
    "ciśnienie": {
        "paskal": 1,
        "hektopascal": 0.01,
        "bar": 1.0e-5,
        "atmosfera fizyczna": 9.8692326671601e-6,
        "atmosfera techniczna": 1.0197162129779e-5,
        "milimetr słupa wody": 0.10197442889221,
        "milimetr słupa rtęci": 0.0075006157584566,
        "torr": 0.0075006168282261
    },
    "prędkość": {
        "km/h": 3.6,
        "m/s": 1,
        "mph": 2.24,
        "węzeł": 1.9426038273181,
        "prędkość światła": 3.3356409519815e-9,
        "mach": 0.002938669957977
    },
    "pojemność pamięci":{
        "bit": 0.125,
        "bajt": 1,
        "kibibajt": 0.0009765625,
        "mebibajt": 9.5367431640625e-7,
        "gibibajt": 9.313225746154785e-10,
        "tebibajt": 9.094947017729282e-13,
        "pebibajt": 8.881784197001252e-16,
        "kilobajt": 0.001,
        "megabajt": 0.000001,
        "gigabajt": 0.000000001,
        "terabajt": 0.000000000001,
        "petabajt": 0.000000000000001
    }
  }